id,focus,signal,slack,drag,confidence,score,lane,kind,invariant
g001,IR pressure,95,33,16,58,233,ship,baseline,monotonic-signal
g002,lowering drift,113,60,13,91,338,ship,edge,drag-penalty
g003,stack depth,38,76,34,55,105,watch,recovery,confidence-floor
g004,diagnostic reach,48,52,4,55,191,ship,negative,lane-boundary
g005,IR pressure,56,77,32,60,153,watch,baseline,monotonic-signal
g006,lowering drift,108,57,27,24,216,ship,edge,drag-penalty
g007,stack depth,93,50,26,96,254,ship,recovery,confidence-floor
g008,diagnostic reach,45,49,27,94,152,watch,negative,lane-boundary
g009,IR pressure,113,16,29,97,252,ship,baseline,monotonic-signal
g010,lowering drift,62,72,10,103,269,ship,edge,drag-penalty
g011,stack depth,84,32,23,25,156,watch,recovery,confidence-floor
g012,diagnostic reach,99,15,31,76,196,ship,negative,lane-boundary
g013,IR pressure,110,44,37,20,173,watch,baseline,monotonic-signal
g014,lowering drift,75,61,41,83,171,watch,edge,drag-penalty
g015,stack depth,105,37,24,76,251,ship,recovery,confidence-floor
g016,diagnostic reach,79,62,38,77,183,ship,negative,lane-boundary
g017,IR pressure,70,77,4,39,244,ship,baseline,monotonic-signal
g018,lowering drift,113,17,10,67,280,ship,edge,drag-penalty
g019,stack depth,50,25,35,86,106,watch,recovery,confidence-floor
g020,diagnostic reach,66,66,7,57,234,ship,negative,lane-boundary
g021,IR pressure,77,54,37,90,187,ship,baseline,monotonic-signal
g022,lowering drift,86,16,32,54,146,watch,edge,drag-penalty
g023,stack depth,94,69,10,54,281,ship,recovery,confidence-floor
g024,diagnostic reach,58,28,43,59,74,hold,negative,lane-boundary
g025,IR pressure,43,27,40,23,16,hold,baseline,monotonic-signal
g026,lowering drift,83,47,19,95,251,ship,edge,drag-penalty
g027,stack depth,107,60,31,93,274,ship,recovery,confidence-floor
g028,diagnostic reach,78,34,17,96,235,ship,negative,lane-boundary
g029,IR pressure,67,58,12,102,258,ship,baseline,monotonic-signal
g030,lowering drift,65,38,11,24,159,watch,edge,drag-penalty
g031,stack depth,112,65,12,75,328,ship,recovery,confidence-floor
g032,diagnostic reach,48,11,14,105,170,watch,negative,lane-boundary
g033,IR pressure,66,57,37,82,160,watch,baseline,monotonic-signal
g034,lowering drift,79,12,8,75,221,ship,edge,drag-penalty
g035,stack depth,89,62,16,76,268,ship,recovery,confidence-floor
g036,diagnostic reach,97,55,22,38,221,ship,negative,lane-boundary
g037,IR pressure,61,54,26,66,164,watch,baseline,monotonic-signal
g038,lowering drift,46,21,9,85,171,watch,edge,drag-penalty
g039,stack depth,86,77,23,56,236,ship,recovery,confidence-floor
g040,diagnostic reach,66,37,31,89,165,watch,negative,lane-boundary
g041,IR pressure,103,20,37,53,168,watch,baseline,monotonic-signal
g042,lowering drift,37,49,20,53,116,watch,edge,drag-penalty
g043,stack depth,52,66,34,58,126,watch,recovery,confidence-floor
g044,diagnostic reach,63,42,22,22,124,watch,negative,lane-boundary
g045,IR pressure,116,67,17,94,342,ship,baseline,monotonic-signal
g046,lowering drift,58,12,37,92,109,watch,edge,drag-penalty
g047,stack depth,32,22,28,95,97,watch,recovery,confidence-floor
g048,diagnostic reach,111,30,25,101,278,ship,negative,lane-boundary
g049,IR pressure,66,71,4,23,214,ship,baseline,monotonic-signal
g050,lowering drift,91,59,16,74,267,ship,edge,drag-penalty
g051,stack depth,107,21,44,104,207,ship,recovery,confidence-floor
g052,diagnostic reach,30,74,39,81,98,watch,negative,lane-boundary
g053,IR pressure,39,33,38,74,71,hold,baseline,monotonic-signal
g054,lowering drift,47,32,39,75,84,hold,edge,drag-penalty
g055,stack depth,99,52,41,37,164,watch,recovery,confidence-floor
g056,diagnostic reach,84,65,22,65,232,ship,negative,lane-boundary
g057,IR pressure,36,39,35,84,90,hold,baseline,monotonic-signal
g058,lowering drift,60,63,43,55,109,watch,edge,drag-penalty
g059,stack depth,31,43,7,88,172,watch,recovery,confidence-floor
g060,diagnostic reach,108,70,11,52,305,ship,negative,lane-boundary
g061,IR pressure,106,16,36,52,172,watch,baseline,monotonic-signal
g062,lowering drift,65,62,8,57,225,ship,edge,drag-penalty
g063,stack depth,89,17,16,21,168,watch,recovery,confidence-floor
g064,diagnostic reach,107,67,22,93,308,ship,negative,lane-boundary
g065,IR pressure,32,60,5,91,200,ship,baseline,monotonic-signal
g066,lowering drift,42,59,19,94,180,ship,edge,drag-penalty
g067,stack depth,50,26,7,100,205,ship,recovery,confidence-floor
g068,diagnostic reach,102,12,44,22,106,watch,negative,lane-boundary
g069,IR pressure,87,42,22,73,223,ship,baseline,monotonic-signal
g070,lowering drift,39,25,13,103,167,watch,edge,drag-penalty
g071,stack depth,107,54,10,80,318,ship,recovery,confidence-floor
g072,diagnostic reach,56,71,31,73,163,watch,negative,lane-boundary
g073,IR pressure,78,47,43,74,148,watch,baseline,monotonic-signal
g074,lowering drift,93,72,29,36,207,ship,edge,drag-penalty
g075,stack depth,104,17,24,64,217,ship,recovery,confidence-floor
g076,diagnostic reach,69,27,23,83,179,ship,negative,lane-boundary
g077,IR pressure,99,35,24,54,215,ship,baseline,monotonic-signal
g078,lowering drift,73,76,26,87,231,ship,edge,drag-penalty
g079,stack depth,64,64,7,51,222,ship,recovery,confidence-floor
g080,diagnostic reach,107,26,20,51,231,ship,negative,lane-boundary
g081,IR pressure,44,9,28,56,69,hold,baseline,monotonic-signal
g082,lowering drift,60,38,34,20,76,hold,edge,drag-penalty
g083,stack depth,71,37,38,92,157,watch,recovery,confidence-floor
g084,diagnostic reach,80,57,21,90,244,ship,negative,lane-boundary
g085,IR pressure,88,70,35,93,234,ship,baseline,monotonic-signal
g086,lowering drift,52,44,43,99,118,watch,edge,drag-penalty
g087,stack depth,37,68,7,21,142,watch,recovery,confidence-floor
g088,diagnostic reach,77,48,32,72,178,ship,negative,lane-boundary
g089,IR pressure,101,75,4,102,367,ship,baseline,monotonic-signal
g090,lowering drift,72,21,34,79,142,watch,edge,drag-penalty
g091,stack depth,61,67,29,72,174,watch,recovery,confidence-floor
g092,diagnostic reach,59,22,7,73,192,ship,negative,lane-boundary
g093,IR pressure,106,72,40,35,199,ship,baseline,monotonic-signal
g094,lowering drift,42,65,37,63,101,watch,edge,drag-penalty
g095,stack depth,60,64,16,82,218,ship,recovery,confidence-floor
g096,diagnostic reach,73,31,28,53,146,watch,negative,lane-boundary
